event,parameter,station,date,min,max,mean,median,station_name
Maria,cdepth,job09wq,2017-09-18,2.2309712,2.6902888,2.40638677866667,2.3950132,Station 9 (09)
Maria,cdepth,job09wq,2017-09-19,2.3950132,2.788714,2.59835692916667,2.5590552,Station 9 (09)
Maria,cdepth,job09wq,2017-09-20,2.7230972,5.6430448,3.5914945375,3.4284778,Station 9 (09)
Maria,cdepth,job09wq,2017-09-21,2.0997376,3.3464568,2.536499425,2.4934384,Station 9 (09)
Maria,cdepth,job09wq,2017-09-22,1.7716536,2.3950132,2.011565025,2.0013124,Station 9 (09)
Maria,cdepth,job09wq,2017-09-23,1.7716536,2.2637796,2.01429905833333,2.0341208,Station 9 (09)
Maria,cdepth,job09wq,2017-09-24,1.8372704,2.3293964,2.1007628625,2.132546,Station 9 (09)
Maria,cdepth,job09wq,2017-09-25,1.6076116,2.296588,1.95620085,1.968504,Station 9 (09)
Maria,cdepth,job09wq,2017-09-26,1.6076116,2.2637796,1.97738960833333,2.0341208,Station 9 (09)
Maria,cdepth,job09wq,2017-09-27,1.64042,2.4278216,1.98764223333333,1.9356956,Station 9 (09)
Maria,cdepth,job09wq,2017-09-28,1.9356956,2.3950132,2.20753662857143,2.2637796,Station 9 (09)
Maria,cdepth,job10wq,2017-09-18,2.132546,2.5918636,2.30392672105263,2.2637796,Station 10 (10)
Maria,cdepth,job10wq,2017-09-19,2.2637796,2.624672,2.46302227916667,2.46063,Station 10 (10)
Maria,cdepth,job10wq,2017-09-20,2.5918636,4.92126,3.31091436666667,3.198819,Station 10 (10)
Maria,cdepth,job10wq,2017-09-21,2.0013124,3.116798,2.3878363625,2.3622048,Station 10 (10)
Maria,cdepth,job10wq,2017-09-22,1.6076116,2.2309712,1.88067317916667,1.8700788,Station 10 (10)
Maria,cdepth,job10wq,2017-09-23,1.6076116,2.132546,1.8854577375,1.9028872,Station 10 (10)
Maria,cdepth,job10wq,2017-09-24,1.6732284,2.2309712,1.98012364166667,1.9849082,Station 10 (10)
Maria,cdepth,job10wq,2017-09-25,1.476378,2.0997376,1.8290683,1.8372704,Station 10 (10)
Maria,cdepth,job10wq,2017-09-26,1.5091864,2.1653544,1.85538337083333,1.9356956,Station 10 (10)
Maria,cdepth,job10wq,2017-09-27,1.5419948,2.3293964,1.86666125833333,1.804462,Station 10 (10)
Maria,cdepth,job10wq,2017-09-28,1.8372704,2.2637796,2.08723916190476,2.132546,Station 10 (10)
Maria,cdepth,job19wq,2017-09-18,2.46063,2.8871392,2.62078679473684,2.5918636,Station 19 (19)
Maria,cdepth,job19wq,2017-09-19,2.624672,3.0511812,2.78290417916667,2.7559056,Station 19 (19)
Maria,cdepth,job19wq,2017-09-20,2.952756,5.8070868,3.75895407916667,3.5925198,Station 19 (19)
Maria,cdepth,job19wq,2017-09-21,2.3293964,3.4776904,2.69814914583333,2.6902888,Station 19 (19)
Maria,cdepth,job19wq,2017-09-22,2.0013124,2.5262468,2.19337824166667,2.1981628,Station 19 (19)
Maria,cdepth,job19wq,2017-09-23,1.9356956,2.3950132,2.18722666666667,2.1981628,Station 19 (19)
Maria,cdepth,job19wq,2017-09-24,2.0341208,2.46063,2.27027292916667,2.296588,Station 19 (19)
Maria,cdepth,job19wq,2017-09-25,1.804462,2.3950132,2.1161418,2.1161418,Station 19 (19)
Maria,cdepth,job19wq,2017-09-26,1.804462,2.46063,2.151000725,2.214567,Station 19 (19)
Maria,cdepth,job19wq,2017-09-27,1.8700788,2.5918636,2.16945545,2.0997376,Station 19 (19)
Maria,cdepth,job19wq,2017-09-28,2.132546,2.5590552,2.38095245714286,2.4278216,Station 19 (19)
Maria,cdepth,job20wq,2017-09-18,2.9199476,3.3792652,3.08916987368421,3.0511812,Station 20 (20)
Maria,cdepth,job20wq,2017-09-19,3.0511812,3.608924,3.26067650416667,3.2152232,Station 20 (20)
Maria,cdepth,job20wq,2017-09-20,3.4120736,6.0039372,4.181020475,3.9698164,Station 20 (20)
Maria,cdepth,job20wq,2017-09-21,2.5262468,3.772966,2.89158200416667,2.8871392,Station 20 (20)
Maria,cdepth,job20wq,2017-09-22,2.132546,2.7230972,2.3714321625,2.3622048,Station 20 (20)
Maria,cdepth,job20wq,2017-09-23,2.0997376,2.624672,2.38920337916667,2.4278216,Station 20 (20)
Maria,cdepth,job20wq,2017-09-24,2.2309712,2.6902888,2.47669244583333,2.4934384,Station 20 (20)
Maria,cdepth,job20wq,2017-09-25,2.0341208,2.624672,2.33383920416667,2.3293964,Station 20 (20)
Maria,cdepth,job20wq,2017-09-26,2.0013124,2.624672,2.35229392916667,2.4278216,Station 20 (20)
Maria,cdepth,job20wq,2017-09-27,2.0669292,2.788714,2.36254655416667,2.296588,Station 20 (20)
Maria,cdepth,job20wq,2017-09-28,2.3293964,2.7559056,2.57467824761905,2.624672,Station 20 (20)
Maria,depth,job09wq,2017-09-18,2.1981628,2.624672,2.33902019733333,2.296588,Station 9 (09)
Maria,depth,job09wq,2017-09-19,2.296588,2.7559056,2.4852363,2.46063,Station 9 (09)
Maria,depth,job09wq,2017-09-20,1.7716536,4.2322836,2.87927885416667,2.8379266,Station 9 (09)
Maria,depth,job09wq,2017-09-21,1.9356956,3.0183728,2.3406742875,2.3293964,Station 9 (09)
Maria,depth,job09wq,2017-09-22,1.64042,2.2309712,1.8946851,1.8700788,Station 9 (09)
Maria,depth,job09wq,2017-09-23,1.6732284,2.1653544,1.937746125,2.0013124,Station 9 (09)
Maria,depth,job09wq,2017-09-24,1.804462,2.296588,2.0802576125,2.0997376,Station 9 (09)
Maria,depth,job09wq,2017-09-25,1.5748032,2.2637796,1.9603019,2.0013124,Station 9 (09)
Maria,depth,job09wq,2017-09-26,1.5748032,2.2637796,1.98969275833333,2.0833334,Station 9 (09)
Maria,depth,job09wq,2017-09-27,1.5748032,2.3622048,1.96782049166667,1.9356956,Station 9 (09)
Maria,depth,job09wq,2017-09-28,1.9028872,2.3622048,2.1997251047619,2.2637796,Station 9 (09)
Maria,depth,job10wq,2017-09-18,2.0669292,2.5590552,2.23615147368421,2.1981628,Station 10 (10)
Maria,depth,job10wq,2017-09-19,2.1653544,2.5918636,2.34990165,2.3293964,Station 10 (10)
Maria,depth,job10wq,2017-09-20,1.476378,3.6745408,2.59869868333333,2.5262468,Station 10 (10)
Maria,depth,job10wq,2017-09-21,1.8372704,2.788714,2.192011225,2.1653544,Station 10 (10)
Maria,depth,job10wq,2017-09-22,1.5091864,2.0997376,1.76379325416667,1.7388452,Station 10 (10)
Maria,depth,job10wq,2017-09-23,1.5091864,2.0669292,1.80890480416667,1.8536746,Station 10 (10)
Maria,depth,job10wq,2017-09-24,1.6076116,2.1981628,1.95961839166667,1.968504,Station 10 (10)
Maria,depth,job10wq,2017-09-25,1.4435696,2.0997376,1.83316935,1.8700788,Station 10 (10)
Maria,depth,job10wq,2017-09-26,1.476378,2.1653544,1.86768652083333,1.968504,Station 10 (10)
Maria,depth,job10wq,2017-09-27,1.476378,2.2637796,1.84683951666667,1.8372704,Station 10 (10)
Maria,depth,job10wq,2017-09-28,1.804462,2.2309712,2.07942763809524,2.132546,Station 10 (10)
Maria,depth,job19wq,2017-09-18,2.3950132,2.8543308,2.55301154736842,2.5262468,Station 19 (19)
Maria,depth,job19wq,2017-09-19,2.4934384,2.9199476,2.66978355,2.624672,Station 19 (19)
Maria,depth,job19wq,2017-09-20,1.9028872,4.2979004,3.04673839583333,3.0183728,Station 19 (19)
Maria,depth,job19wq,2017-09-21,2.1653544,3.1496064,2.50232400833333,2.4934384,Station 19 (19)
Maria,depth,job19wq,2017-09-22,1.8700788,2.3622048,2.07649831666667,2.0669292,Station 19 (19)
Maria,depth,job19wq,2017-09-23,1.8372704,2.3622048,2.11067373333333,2.132546,Station 19 (19)
Maria,depth,job19wq,2017-09-24,2.0013124,2.4934384,2.24976767916667,2.2637796,Station 19 (19)
Maria,depth,job19wq,2017-09-25,1.7716536,2.3622048,2.12024285,2.1489502,Station 19 (19)
Maria,depth,job19wq,2017-09-26,1.7716536,2.4278216,2.163303875,2.2637796,Station 19 (19)
Maria,depth,job19wq,2017-09-27,1.804462,2.5262468,2.14963370833333,2.132546,Station 19 (19)
Maria,depth,job19wq,2017-09-28,2.0997376,2.5262468,2.37314093333333,2.4278216,Station 19 (19)
Maria,depth,job20wq,2017-09-18,2.8543308,3.3464568,3.02139462631579,3.0183728,Station 20 (20)
Maria,depth,job20wq,2017-09-19,2.9855644,3.3792652,3.147555875,3.116798,Station 20 (20)
Maria,depth,job20wq,2017-09-20,2.8215224,4.429134,3.46880479166667,3.444882,Station 20 (20)
Maria,depth,job20wq,2017-09-21,2.3293964,3.444882,2.69575686666667,2.6902888,Station 20 (20)
Maria,depth,job20wq,2017-09-22,2.0013124,2.5918636,2.2545522375,2.2637796,Station 20 (20)
Maria,depth,job20wq,2017-09-23,2.0013124,2.5918636,2.31265044583333,2.3622048,Station 20 (20)
Maria,depth,job20wq,2017-09-24,2.1981628,2.6902888,2.45618719583333,2.4934384,Station 20 (20)
Maria,depth,job20wq,2017-09-25,2.0013124,2.624672,2.33794025416667,2.3622048,Station 20 (20)
Maria,depth,job20wq,2017-09-26,1.968504,2.624672,2.36459707916667,2.46063,Station 20 (20)
Maria,depth,job20wq,2017-09-27,2.0013124,2.7230972,2.3427248125,2.3293964,Station 20 (20)
Maria,depth,job20wq,2017-09-28,2.296588,2.7230972,2.56686672380952,2.624672,Station 20 (20)
Maria,do_mgl,job09wq,2017-09-18,0.8,7,3.61733333333333,2.9,Station 9 (09)
Maria,do_mgl,job09wq,2017-09-19,1.7,5.1,3.23854166666667,3.35,Station 9 (09)
Maria,do_mgl,job09wq,2017-09-20,1.1,5.6,3.803125,3.9,Station 9 (09)
Maria,do_mgl,job09wq,2017-09-21,0.7,4.2,2.32105263157895,2.2,Station 9 (09)
Maria,do_mgl,job10wq,2017-09-18,2,5.4,4.20789473684211,4.2,Station 10 (10)
Maria,do_mgl,job10wq,2017-09-19,1.1,5.2,3.78854166666667,4.3,Station 10 (10)
Maria,do_mgl,job10wq,2017-09-20,4,5.9,5.071875,5.25,Station 10 (10)
Maria,do_mgl,job10wq,2017-09-21,4.6,5.7,5.26666666666667,5.3,Station 10 (10)
Maria,do_mgl,job10wq,2017-09-22,2.8,5.2,3.89479166666667,3.7,Station 10 (10)
Maria,do_mgl,job10wq,2017-09-23,1.8,4.3,3.17604166666667,3.2,Station 10 (10)
Maria,do_mgl,job10wq,2017-09-24,1.7,3.7,2.796875,2.8,Station 10 (10)
Maria,do_mgl,job10wq,2017-09-25,0.2,6.8,3.12083333333333,2.6,Station 10 (10)
Maria,do_mgl,job10wq,2017-09-26,3.6,9.9,6.62916666666667,5.95,Station 10 (10)
Maria,do_mgl,job10wq,2017-09-27,4.6,8.9,7.19270833333333,7.5,Station 10 (10)
Maria,do_mgl,job10wq,2017-09-28,5.3,7.4,6.75714285714286,7,Station 10 (10)
Maria,do_mgl,job19wq,2017-09-18,4.6,7.6,5.9921052631579,5.9,Station 19 (19)
Maria,do_mgl,job19wq,2017-09-19,2.9,7.3,5.490625,5.65,Station 19 (19)
Maria,do_mgl,job19wq,2017-09-20,5.1,6.2,5.8375,5.9,Station 19 (19)
Maria,do_mgl,job19wq,2017-09-21,5.2,6.5,5.96458333333333,5.9,Station 19 (19)
Maria,do_mgl,job19wq,2017-09-22,4.6,6.4,6.05,6.1,Station 19 (19)
Maria,do_mgl,job19wq,2017-09-23,0.7,6.5,4.81145833333333,5.15,Station 19 (19)
Maria,do_mgl,job19wq,2017-09-24,3.8,8.2,5.73854166666667,5.2,Station 19 (19)
Maria,do_mgl,job19wq,2017-09-25,0.6,9.2,5.446875,5.5,Station 19 (19)
Maria,do_mgl,job19wq,2017-09-26,4.6,9.7,7.59270833333333,8.05,Station 19 (19)
Maria,do_mgl,job19wq,2017-09-27,5.7,8.6,7.35,7.65,Station 19 (19)
Maria,do_mgl,job19wq,2017-09-28,5.9,7.8,6.44761904761905,6.3,Station 19 (19)
Maria,do_mgl,job20wq,2017-09-18,4.6,8,6.02236842105263,5.45,Station 20 (20)
Maria,do_mgl,job20wq,2017-09-19,5,7.2,5.92291666666667,5.85,Station 20 (20)
Maria,do_mgl,job20wq,2017-09-20,5.8,6.2,6.07083333333333,6.1,Station 20 (20)
Maria,do_mgl,job20wq,2017-09-21,6,6.6,6.3125,6.3,Station 20 (20)
Maria,do_mgl,job20wq,2017-09-22,5.7,6.9,6.23854166666667,6.1,Station 20 (20)
Maria,do_mgl,job20wq,2017-09-23,5.6,7.9,6.384375,6.1,Station 20 (20)
Maria,do_mgl,job20wq,2017-09-24,5.6,8.8,6.54479166666667,5.95,Station 20 (20)
Maria,do_mgl,job20wq,2017-09-25,4.2,8.6,6.36458333333333,5.9,Station 20 (20)
Maria,do_mgl,job20wq,2017-09-26,4.9,8.6,6.571875,6.05,Station 20 (20)
Maria,do_mgl,job20wq,2017-09-27,5.1,8.3,6.5625,6.4,Station 20 (20)
Maria,do_mgl,job20wq,2017-09-28,5.4,6.2,5.58095238095238,5.5,Station 20 (20)
Maria,do_pct,job09wq,2017-09-18,12.8,117.1,59.1853333333333,46.8,Station 9 (09)
Maria,do_pct,job09wq,2017-09-19,26.4,83.8,52.5072916666667,54,Station 9 (09)
Maria,do_pct,job09wq,2017-09-20,17.2,85.7,56.5822916666667,57.95,Station 9 (09)
Maria,do_pct,job09wq,2017-09-21,9.9,58.1,32.3508771929825,32.2,Station 9 (09)
Maria,do_pct,job10wq,2017-09-18,32.6,87.7,67.771052631579,66.5,Station 10 (10)
Maria,do_pct,job10wq,2017-09-19,17.9,83.3,60.9,68.3,Station 10 (10)
Maria,do_pct,job10wq,2017-09-20,60.5,89.3,77.35625,78.8,Station 10 (10)
Maria,do_pct,job10wq,2017-09-21,67.4,83.6,76.9208333333333,77.55,Station 10 (10)
Maria,do_pct,job10wq,2017-09-22,40.6,75.6,56.5333333333333,54.1,Station 10 (10)
Maria,do_pct,job10wq,2017-09-23,25.9,62.8,46.4979166666667,46.85,Station 10 (10)
Maria,do_pct,job10wq,2017-09-24,25.3,57.1,41.928125,42,Station 10 (10)
Maria,do_pct,job10wq,2017-09-25,2.3,105.2,47.55,38.9,Station 10 (10)
Maria,do_pct,job10wq,2017-09-26,53.8,153.6,101.127083333333,90.5,Station 10 (10)
Maria,do_pct,job10wq,2017-09-27,69.8,136.4,109.486458333333,114.55,Station 10 (10)
Maria,do_pct,job10wq,2017-09-28,80,112.7,102.685714285714,105.8,Station 10 (10)
Maria,do_pct,job19wq,2017-09-18,74,123.9,97.2315789473684,95.2,Station 19 (19)
Maria,do_pct,job19wq,2017-09-19,46.9,118.2,88.903125,91.15,Station 19 (19)
Maria,do_pct,job19wq,2017-09-20,81.4,95.9,91.5625,91.25,Station 19 (19)
Maria,do_pct,job19wq,2017-09-21,72.7,92.1,87.190625,88,Station 19 (19)
Maria,do_pct,job19wq,2017-09-22,63.9,90.8,84.1614583333333,84.95,Station 19 (19)
Maria,do_pct,job19wq,2017-09-23,9.8,97.5,69.684375,76.3,Station 19 (19)
Maria,do_pct,job19wq,2017-09-24,56.4,126.3,86.85,77.95,Station 19 (19)
Maria,do_pct,job19wq,2017-09-25,9.5,145.9,85.2489583333333,85.55,Station 19 (19)
Maria,do_pct,job19wq,2017-09-26,72,153.9,119.633333333333,126.65,Station 19 (19)
Maria,do_pct,job19wq,2017-09-27,88.6,136.3,115.686458333333,120.2,Station 19 (19)
Maria,do_pct,job19wq,2017-09-28,92.3,123.4,101.6,98.9,Station 19 (19)
Maria,do_pct,job20wq,2017-09-18,73,131,97.4223684210526,87.9,Station 20 (20)
Maria,do_pct,job20wq,2017-09-19,79.2,115.5,94.8791666666667,93.25,Station 20 (20)
Maria,do_pct,job20wq,2017-09-20,91,99.2,95.56875,95.45,Station 20 (20)
Maria,do_pct,job20wq,2017-09-21,93.7,103,97.66875,97,Station 20 (20)
Maria,do_pct,job20wq,2017-09-22,88.1,108.3,96.7041666666667,94.75,Station 20 (20)
Maria,do_pct,job20wq,2017-09-23,85.6,124,99.20625,93.8,Station 20 (20)
Maria,do_pct,job20wq,2017-09-24,86.4,140.3,102.566666666667,92.55,Station 20 (20)
Maria,do_pct,job20wq,2017-09-25,66,138.1,100.295833333333,93.15,Station 20 (20)
Maria,do_pct,job20wq,2017-09-26,75.6,138,103.592708333333,94.7,Station 20 (20)
Maria,do_pct,job20wq,2017-09-27,79.8,133.8,103.50625,101,Station 20 (20)
Maria,do_pct,job20wq,2017-09-28,84.9,98,87.6142857142857,85.8,Station 20 (20)
Maria,ph,job09wq,2017-09-18,7.5,8.3,7.84666666666667,7.8,Station 9 (09)
Maria,ph,job09wq,2017-09-19,7.7,8,7.8041095890411,7.8,Station 9 (09)
Maria,ph,job10wq,2017-09-18,7.6,7.9,7.78421052631579,7.8,Station 10 (10)
Maria,ph,job10wq,2017-09-19,7.7,7.9,7.79791666666667,7.8,Station 10 (10)
Maria,ph,job10wq,2017-09-20,7.8,8,7.871875,7.9,Station 10 (10)
Maria,ph,job10wq,2017-09-21,7.7,7.9,7.81354166666667,7.8,Station 10 (10)
Maria,ph,job10wq,2017-09-22,7.6,7.8,7.646875,7.6,Station 10 (10)
Maria,ph,job10wq,2017-09-23,7.5,7.7,7.60625,7.6,Station 10 (10)
Maria,ph,job10wq,2017-09-24,7.5,7.7,7.61979166666667,7.6,Station 10 (10)
Maria,ph,job10wq,2017-09-25,7.5,8,7.678125,7.6,Station 10 (10)
Maria,ph,job10wq,2017-09-26,7.7,8.3,7.99166666666667,7.9,Station 10 (10)
Maria,ph,job10wq,2017-09-27,8,8.3,8.14166666666667,8.2,Station 10 (10)
Maria,ph,job10wq,2017-09-28,8.1,8.2,8.16190476190476,8.2,Station 10 (10)
Maria,ph,job19wq,2017-09-18,7.9,8.1,8.02105263157895,8,Station 19 (19)
Maria,ph,job19wq,2017-09-19,7.8,8.1,7.98333333333333,8,Station 19 (19)
Maria,ph,job19wq,2017-09-20,7.9,8,7.96354166666667,8,Station 19 (19)
Maria,ph,job19wq,2017-09-21,7.6,8,7.825,7.8,Station 19 (19)
Maria,ph,job19wq,2017-09-22,7.6,7.8,7.721875,7.7,Station 19 (19)
Maria,ph,job19wq,2017-09-23,7.5,7.8,7.71875,7.7,Station 19 (19)
Maria,ph,job19wq,2017-09-24,7.6,7.9,7.74166666666667,7.7,Station 19 (19)
Maria,ph,job19wq,2017-09-25,7.5,8.1,7.83958333333333,7.9,Station 19 (19)
Maria,ph,job19wq,2017-09-26,7.8,8.2,8.01145833333333,8,Station 19 (19)
Maria,ph,job19wq,2017-09-27,8,8.2,8.06770833333333,8.1,Station 19 (19)
Maria,ph,job19wq,2017-09-28,8,8.1,8.01428571428571,8,Station 19 (19)
Maria,ph,job20wq,2017-09-18,7.9,8.1,7.99342105263158,8,Station 20 (20)
Maria,ph,job20wq,2017-09-19,7.9,8.1,7.98020833333333,8,Station 20 (20)
Maria,ph,job20wq,2017-09-20,7.9,8,7.990625,8,Station 20 (20)
Maria,ph,job20wq,2017-09-21,7.9,8,7.93333333333333,7.9,Station 20 (20)
Maria,ph,job20wq,2017-09-22,7.9,8,7.92395833333333,7.9,Station 20 (20)
Maria,ph,job20wq,2017-09-23,7.9,8,7.92916666666667,7.9,Station 20 (20)
Maria,ph,job20wq,2017-09-24,7.9,8.1,7.946875,7.9,Station 20 (20)
Maria,ph,job20wq,2017-09-25,7.8,8.1,7.9625,7.9,Station 20 (20)
Maria,ph,job20wq,2017-09-26,7.9,8.1,7.975,7.9,Station 20 (20)
Maria,ph,job20wq,2017-09-27,7.9,8.1,7.99895833333333,8,Station 20 (20)
Maria,ph,job20wq,2017-09-28,7.9,8,7.92380952380952,7.9,Station 20 (20)
Maria,sal,job09wq,2017-09-18,33.8,34.2,33.9533333333333,33.9,Station 9 (09)
Maria,sal,job09wq,2017-09-19,33.9,34.4,34.1708333333333,34.2,Station 9 (09)
Maria,sal,job09wq,2017-09-20,21.1,34,29.5458333333333,31.6,Station 9 (09)
Maria,sal,job09wq,2017-09-21,14.1,29,23.853125,25.35,Station 9 (09)
Maria,sal,job09wq,2017-09-22,24.2,28.5,25.6072916666667,25.3,Station 9 (09)
Maria,sal,job09wq,2017-09-23,25,28.7,25.984375,25.65,Station 9 (09)
Maria,sal,job09wq,2017-09-24,26.6,29.7,28.7197916666667,28.9,Station 9 (09)
Maria,sal,job09wq,2017-09-25,29.3,31.7,30.375,30.5,Station 9 (09)
Maria,sal,job09wq,2017-09-26,29.6,32.3,31.6041666666667,31.7,Station 9 (09)
Maria,sal,job09wq,2017-09-27,31,33.1,32.5552083333333,32.7,Station 9 (09)
Maria,sal,job09wq,2017-09-28,32.7,33.3,33.0190476190476,33.1,Station 9 (09)
Maria,sal,job10wq,2017-09-18,31.1,32.8,31.8407894736842,31.8,Station 10 (10)
Maria,sal,job10wq,2017-09-19,31.6,33,32.2083333333333,32,Station 10 (10)
Maria,sal,job10wq,2017-09-20,30.7,32.5,31.6322916666667,31.5,Station 10 (10)
Maria,sal,job10wq,2017-09-21,26.8,30.8,28.6822916666667,28.45,Station 10 (10)
Maria,sal,job10wq,2017-09-22,25.3,26.8,25.9020833333333,25.8,Station 10 (10)
Maria,sal,job10wq,2017-09-23,24.4,25.9,25.228125,25.2,Station 10 (10)
Maria,sal,job10wq,2017-09-24,24.8,25.3,25.0979166666667,25.1,Station 10 (10)
Maria,sal,job10wq,2017-09-25,25,28.4,25.3427083333333,25.2,Station 10 (10)
Maria,sal,job10wq,2017-09-26,24.9,25.8,25.25,25.2,Station 10 (10)
Maria,sal,job10wq,2017-09-27,25.1,26.1,25.5385416666667,25.6,Station 10 (10)
Maria,sal,job10wq,2017-09-28,26,26.1,26.047619047619,26,Station 10 (10)
Maria,sal,job19wq,2017-09-18,34.2,34.4,34.2868421052632,34.2,Station 19 (19)
Maria,sal,job19wq,2017-09-19,34.3,34.5,34.3645833333333,34.4,Station 19 (19)
Maria,sal,job19wq,2017-09-20,32.8,34.3,33.7552083333333,33.8,Station 19 (19)
Maria,sal,job19wq,2017-09-21,16.3,33.4,26.125,24.4,Station 19 (19)
Maria,sal,job19wq,2017-09-22,15.6,19.1,17.3572916666667,17.4,Station 19 (19)
Maria,sal,job19wq,2017-09-23,17.3,32,23.2677083333333,24.3,Station 19 (19)
Maria,sal,job19wq,2017-09-24,24.1,26.4,25.8322916666667,26.1,Station 19 (19)
Maria,sal,job19wq,2017-09-25,25.9,32.3,31.41875,31.95,Station 19 (19)
Maria,sal,job19wq,2017-09-26,31.2,32.5,31.9020833333333,31.9,Station 19 (19)
Maria,sal,job19wq,2017-09-27,31.4,32.9,32.23125,32.2,Station 19 (19)
Maria,sal,job19wq,2017-09-28,32.6,32.9,32.8285714285714,32.9,Station 19 (19)
Maria,sal,job20wq,2017-09-18,34.4,34.5,34.4776315789474,34.5,Station 20 (20)
Maria,sal,job20wq,2017-09-19,34.2,34.5,34.375,34.4,Station 20 (20)
Maria,sal,job20wq,2017-09-20,33.7,34.3,34.071875,34.1,Station 20 (20)
Maria,sal,job20wq,2017-09-21,32.2,34,32.9895833333333,32.6,Station 20 (20)
Maria,sal,job20wq,2017-09-22,32.6,33.6,33.1458333333333,33.15,Station 20 (20)
Maria,sal,job20wq,2017-09-23,31.3,33.2,32.934375,33.05,Station 20 (20)
Maria,sal,job20wq,2017-09-24,32.4,34.1,32.953125,32.9,Station 20 (20)
Maria,sal,job20wq,2017-09-25,33,34.3,33.7114583333333,33.7,Station 20 (20)
Maria,sal,job20wq,2017-09-26,33.6,34.5,34.1104166666667,34.1,Station 20 (20)
Maria,sal,job20wq,2017-09-27,34,34.6,34.3625,34.4,Station 20 (20)
Maria,sal,job20wq,2017-09-28,34.4,34.5,34.4952380952381,34.5,Station 20 (20)
Maria,spcond,job09wq,2017-09-18,51.59,52.23,51.8902666666667,51.79,Station 9 (09)
Maria,spcond,job09wq,2017-09-19,51.93,52.43,52.1884375,52.22,Station 9 (09)
Maria,spcond,job09wq,2017-09-20,33.7,51.96,45.6636458333333,48.525,Station 9 (09)
Maria,spcond,job09wq,2017-09-21,23.41,44.86,37.6090625,39.825,Station 9 (09)
Maria,spcond,job09wq,2017-09-22,38.19,44.29,40.1823958333333,39.785,Station 9 (09)
Maria,spcond,job09wq,2017-09-23,39.4,44.48,40.7332291666667,40.305,Station 9 (09)
Maria,spcond,job09wq,2017-09-24,41.66,45.98,44.6009375,44.87,Station 9 (09)
Maria,spcond,job09wq,2017-09-25,45.47,48.73,46.9479166666667,47.12,Station 9 (09)
Maria,spcond,job09wq,2017-09-26,45.85,49.7,48.6666666666667,48.815,Station 9 (09)
Maria,spcond,job09wq,2017-09-27,47.77,50.7,49.9503125,50.11,Station 9 (09)
Maria,spcond,job09wq,2017-09-28,50.09,50.94,50.5771428571429,50.7,Station 9 (09)
Maria,spcond,job10wq,2017-09-18,48.01,50.29,49.0110526315789,48.99,Station 10 (10)
Maria,spcond,job10wq,2017-09-19,48.64,50.69,49.5277083333333,49.28,Station 10 (10)
Maria,spcond,job10wq,2017-09-20,47.3,49.93,48.6039583333333,48.36,Station 10 (10)
Maria,spcond,job10wq,2017-09-21,41.88,47.37,44.4496875,44.09,Station 10 (10)
Maria,spcond,job10wq,2017-09-22,39.79,41.87,40.5928125,40.48,Station 10 (10)
Maria,spcond,job10wq,2017-09-23,38.44,40.64,39.6575,39.605,Station 10 (10)
Maria,spcond,job10wq,2017-09-24,39.07,39.86,39.5278125,39.565,Station 10 (10)
Maria,spcond,job10wq,2017-09-25,39.45,44.22,39.903125,39.695,Station 10 (10)
Maria,spcond,job10wq,2017-09-26,39.23,40.51,39.7804166666667,39.71,Station 10 (10)
Maria,spcond,job10wq,2017-09-27,39.5,40.93,40.1930208333333,40.235,Station 10 (10)
Maria,spcond,job10wq,2017-09-28,40.83,41.04,40.9171428571429,40.91,Station 10 (10)
Maria,spcond,job19wq,2017-09-18,52.19,52.53,52.3407894736842,52.26,Station 19 (19)
Maria,spcond,job19wq,2017-09-19,52.33,52.6,52.431875,52.43,Station 19 (19)
Maria,spcond,job19wq,2017-09-20,50.26,52.36,51.5373958333333,51.59,Station 19 (19)
Maria,spcond,job19wq,2017-09-21,26.72,51.05,40.7840625,38.48,Station 19 (19)
Maria,spcond,job19wq,2017-09-22,25.62,30.78,28.256875,28.365,Station 19 (19)
Maria,spcond,job19wq,2017-09-23,28.12,49.14,36.8077083333333,38.42,Station 19 (19)
Maria,spcond,job19wq,2017-09-24,38.14,41.42,40.5860416666667,40.985,Station 19 (19)
Maria,spcond,job19wq,2017-09-25,40.8,49.58,48.3635416666667,49.08,Station 19 (19)
Maria,spcond,job19wq,2017-09-26,48.02,49.87,49.0430208333333,49.095,Station 19 (19)
Maria,spcond,job19wq,2017-09-27,48.3,50.47,49.4872916666667,49.405,Station 19 (19)
Maria,spcond,job19wq,2017-09-28,49.96,50.44,50.2852380952381,50.34,Station 19 (19)
Maria,spcond,job20wq,2017-09-18,52.49,52.63,52.5677631578947,52.56,Station 20 (20)
Maria,spcond,job20wq,2017-09-19,52.16,52.59,52.42625,52.41,Station 20 (20)
Maria,spcond,job20wq,2017-09-20,51.38,52.32,51.9626041666667,51.985,Station 20 (20)
Maria,spcond,job20wq,2017-09-21,49.34,51.89,50.470625,49.995,Station 20 (20)
Maria,spcond,job20wq,2017-09-22,49.97,51.35,50.669375,50.68,Station 20 (20)
Maria,spcond,job20wq,2017-09-23,48.09,50.81,50.3919791666667,50.545,Station 20 (20)
Maria,spcond,job20wq,2017-09-24,49.62,52.02,50.4438541666667,50.305,Station 20 (20)
Maria,spcond,job20wq,2017-09-25,50.52,52.21,51.4816666666667,51.46,Station 20 (20)
Maria,spcond,job20wq,2017-09-26,51.37,52.57,52.0247916666667,51.98,Station 20 (20)
Maria,spcond,job20wq,2017-09-27,51.85,52.71,52.3567708333333,52.34,Station 20 (20)
Maria,spcond,job20wq,2017-09-28,52.47,52.56,52.4995238095238,52.5,Station 20 (20)
Maria,temp,job09wq,2017-09-18,84.74,91.04,87.9344,87.44,Station 9 (09)
Maria,temp,job09wq,2017-09-19,86.18,89.96,87.89375,87.98,Station 9 (09)
Maria,temp,job09wq,2017-09-20,78.26,87.26,82.071875,82.04,Station 9 (09)
Maria,temp,job09wq,2017-09-21,78.08,84.74,79.833125,79.79,Station 9 (09)
Maria,temp,job09wq,2017-09-22,80.78,82.76,81.45875,81.5,Station 9 (09)
Maria,temp,job09wq,2017-09-23,80.42,82.94,81.90875,81.86,Station 9 (09)
Maria,temp,job09wq,2017-09-24,82.94,86.18,84.168125,83.66,Station 9 (09)
Maria,temp,job09wq,2017-09-25,84.92,88.34,86.181875,85.64,Station 9 (09)
Maria,temp,job09wq,2017-09-26,85.46,88.7,87.23,86.72,Station 9 (09)
Maria,temp,job09wq,2017-09-27,83.3,88.52,86.58875,86.9,Station 9 (09)
Maria,temp,job09wq,2017-09-28,84.2,87.8,86.5828571428571,87.26,Station 9 (09)
Maria,temp,job10wq,2017-09-18,86.36,90.5,88.3684210526316,88.79,Station 10 (10)
Maria,temp,job10wq,2017-09-19,86.54,90.32,88.4525,88.16,Station 10 (10)
Maria,temp,job10wq,2017-09-20,79.88,87.08,82.945625,82.13,Station 10 (10)
Maria,temp,job10wq,2017-09-21,78.98,80.78,79.715,79.34,Station 10 (10)
Maria,temp,job10wq,2017-09-22,80.06,82.04,80.7575,80.42,Station 10 (10)
Maria,temp,job10wq,2017-09-23,80.24,85.28,81.929375,81.23,Station 10 (10)
Maria,temp,job10wq,2017-09-24,82.76,87.44,84.528125,83.93,Station 10 (10)
Maria,temp,job10wq,2017-09-25,83.66,87.98,85.600625,85.28,Station 10 (10)
Maria,temp,job10wq,2017-09-26,83.84,88.52,86.028125,86,Station 10 (10)
Maria,temp,job10wq,2017-09-27,83.48,87.98,85.895,86.18,Station 10 (10)
Maria,temp,job10wq,2017-09-28,84.92,86.36,85.58,85.64,Station 10 (10)
Maria,temp,job19wq,2017-09-18,86.9,88.88,87.8876315789474,87.8,Station 19 (19)
Maria,temp,job19wq,2017-09-19,86.54,88.16,87.635,87.62,Station 19 (19)
Maria,temp,job19wq,2017-09-20,82.22,86.72,84.396875,84.29,Station 19 (19)
Maria,temp,job19wq,2017-09-21,80.06,82.94,81.3875,81.14,Station 19 (19)
Maria,temp,job19wq,2017-09-22,80.6,82.58,81.2375,80.96,Station 19 (19)
Maria,temp,job19wq,2017-09-23,80.24,86.36,82.775,82.22,Station 19 (19)
Maria,temp,job19wq,2017-09-24,83.12,87.26,85.019375,85.01,Station 19 (19)
Maria,temp,job19wq,2017-09-25,84.2,87.26,85.330625,85.1,Station 19 (19)
Maria,temp,job19wq,2017-09-26,84.38,87.26,85.851875,85.73,Station 19 (19)
Maria,temp,job19wq,2017-09-27,84.38,86.9,85.66625,85.82,Station 19 (19)
Maria,temp,job19wq,2017-09-28,85.46,85.82,85.5971428571429,85.64,Station 19 (19)
Maria,temp,job20wq,2017-09-18,85.64,89.06,87.0610526315789,86.81,Station 20 (20)
Maria,temp,job20wq,2017-09-19,85.82,87.8,86.44625,86.36,Station 20 (20)
Maria,temp,job20wq,2017-09-20,83.12,86,84.6275,84.38,Station 20 (20)
Maria,temp,job20wq,2017-09-21,82.76,84.02,83.42375,83.39,Station 20 (20)
Maria,temp,job20wq,2017-09-22,82.94,84.56,83.406875,83.3,Station 20 (20)
Maria,temp,job20wq,2017-09-23,82.58,85.64,83.721875,83.3,Station 20 (20)
Maria,temp,job20wq,2017-09-24,83.66,87.08,84.719375,84.2,Station 20 (20)
Maria,temp,job20wq,2017-09-25,83.84,86.54,84.79625,84.56,Station 20 (20)
Maria,temp,job20wq,2017-09-26,83.3,86.54,84.66125,84.38,Station 20 (20)
Maria,temp,job20wq,2017-09-27,83.48,86.54,84.543125,84.38,Station 20 (20)
Maria,temp,job20wq,2017-09-28,83.84,84.2,84.02,84.02,Station 20 (20)
Maria,turb,job09wq,2017-09-18,7,159,49.56,18,Station 9 (09)
Maria,turb,job09wq,2017-09-19,5,147,21.1145833333333,14,Station 9 (09)
Maria,turb,job09wq,2017-09-20,11,286,62.875,43.5,Station 9 (09)
Maria,turb,job09wq,2017-09-21,31,139,83.46875,87.5,Station 9 (09)
Maria,turb,job09wq,2017-09-22,17,97,40.40625,36,Station 9 (09)
Maria,turb,job09wq,2017-09-23,15,58,30.75,30,Station 9 (09)
Maria,turb,job09wq,2017-09-24,16,52,28.4791666666667,27,Station 9 (09)
Maria,turb,job09wq,2017-09-25,14,57,30.5416666666667,29,Station 9 (09)
Maria,turb,job09wq,2017-09-26,17,82,40.75,38,Station 9 (09)
Maria,turb,job09wq,2017-09-27,27,108,51.2708333333333,46.5,Station 9 (09)
Maria,turb,job09wq,2017-09-28,39,75,56.3809523809524,56,Station 9 (09)
Maria,turb,job10wq,2017-09-18,0,1,0.0131578947368421,0,Station 10 (10)
Maria,turb,job10wq,2017-09-19,0,1,0.0104166666666667,0,Station 10 (10)
Maria,turb,job10wq,2017-09-20,0,145,17.3020833333333,6.5,Station 10 (10)
Maria,turb,job10wq,2017-09-21,4,11,6.125,6,Station 10 (10)
Maria,turb,job10wq,2017-09-22,1,141,3.60416666666667,2,Station 10 (10)
Maria,turb,job10wq,2017-09-23,1,5,1.27083333333333,1,Station 10 (10)
Maria,turb,job10wq,2017-09-24,1,27,2.81052631578947,2,Station 10 (10)
Maria,turb,job10wq,2017-09-25,1,11,3.45833333333333,3,Station 10 (10)
Maria,turb,job10wq,2017-09-26,1,12,3.15789473684211,3,Station 10 (10)
Maria,turb,job10wq,2017-09-27,2,17,3.28125,3,Station 10 (10)
Maria,turb,job10wq,2017-09-28,2,4,2.80952380952381,3,Station 10 (10)
Maria,turb,job19wq,2017-09-18,0,52,1.58666666666667,0,Station 19 (19)
Maria,turb,job19wq,2017-09-19,0,3,0.572916666666667,0,Station 19 (19)
Maria,turb,job19wq,2017-09-20,2,357,73.4895833333333,47.5,Station 19 (19)
Maria,turb,job19wq,2017-09-21,7,33,14.1666666666667,13,Station 19 (19)
Maria,turb,job19wq,2017-09-22,3,7,4.72916666666667,5,Station 19 (19)
Maria,turb,job19wq,2017-09-23,1,8,2.875,3,Station 19 (19)
Maria,turb,job19wq,2017-09-24,3,6,3.90625,4,Station 19 (19)
Maria,turb,job19wq,2017-09-25,0,7,1.875,2,Station 19 (19)
Maria,turb,job19wq,2017-09-26,1,4,1.125,1,Station 19 (19)
Maria,turb,job19wq,2017-09-27,0,2,0.916666666666667,1,Station 19 (19)
Maria,turb,job19wq,2017-09-28,0,1,0.142857142857143,0,Station 19 (19)
Maria,turb,job20wq,2017-09-18,1,2,1.07894736842105,1,Station 20 (20)
Maria,turb,job20wq,2017-09-19,1,29,3.40625,2,Station 20 (20)
Maria,turb,job20wq,2017-09-20,13,725,155.25,111.5,Station 20 (20)
Maria,turb,job20wq,2017-09-21,10,97,22.625,19.5,Station 20 (20)
Maria,turb,job20wq,2017-09-22,8,14,10.5,10,Station 20 (20)
Maria,turb,job20wq,2017-09-23,4,9,5.94791666666667,6,Station 20 (20)
Maria,turb,job20wq,2017-09-24,3,11,4.44791666666667,4,Station 20 (20)
Maria,turb,job20wq,2017-09-25,2,70,3.91666666666667,3,Station 20 (20)
Maria,turb,job20wq,2017-09-26,2,4,2.69791666666667,3,Station 20 (20)
Maria,turb,job20wq,2017-09-27,2,21,2.46875,2,Station 20 (20)
Maria,turb,job20wq,2017-09-28,2,11,2.9047619047619,3,Station 20 (20)
